01/12/2019;17:00:00;8424.5;8435.25;8424;8426.75
01/12/2019;18:00:00;8426.75;8433;8422.5;8432.5
01/12/2019;19:00:00;8432.5;8450;8432;8446.25
01/12/2019;20:00:00;8446.5;8447.5;8442;8446
01/12/2019;21:00:00;8445.75;8452.75;8444.75;8448.75
01/12/2019;22:00:00;8449;8450.5;8447;8449.75
01/12/2019;23:00:00;8449.75;8452.5;8448.5;8448.75
02/12/2019;00:00:00;8449;8449.25;8446;8446.75
02/12/2019;01:00:00;8446.5;8448.25;8443.5;8443.75
02/12/2019;02:00:00;8444;8444;8435.75;8438.75
02/12/2019;03:00:00;8438.5;8457.25;8438.25;8453.5
02/12/2019;04:00:00;8453.5;8454;8442;8444.5
02/12/2019;05:00:00;8444.25;8450.25;8434.75;8437.75
02/12/2019;06:00:00;8438;8440.75;8419;8425.75
02/12/2019;07:00:00;8425.75;8428.75;8420.75;8425.75
02/12/2019;08:00:00;8425.5;8426.25;8407.5;8418.25
02/12/2019;09:00:00;8418;8419.5;8322.75;8324.25
02/12/2019;10:00:00;8324;8331.5;8276.5;8291.5
02/12/2019;11:00:00;8291.75;8314.75;8276.5;8313
02/12/2019;12:00:00;8313;8319.5;8287.25;8299.75
02/12/2019;13:00:00;8299.75;8324.75;8298.75;8320
02/12/2019;14:00:00;8320;8336;8318.25;8330.5
02/12/2019;15:00:00;8330.5;8333;8313.25;8318.75
02/12/2019;17:00:00;8319;8321.25;8309.25;8314.25
02/12/2019;18:00:00;8314.5;8316.25;8292.25;8302.5
02/12/2019;19:00:00;8302.25;8318;8296.5;8316.25
02/12/2019;20:00:00;8316.5;8322;8304.75;8316
02/12/2019;21:00:00;8316;8327;8314.25;8322
02/12/2019;22:00:00;8322.25;8335.25;8321.25;8331
02/12/2019;23:00:00;8330.75;8334.75;8328.5;8329
03/12/2019;00:00:00;8329.25;8337.5;8326.5;8333.5
03/12/2019;01:00:00;8333.75;8334;8323.25;8327.5
03/12/2019;02:00:00;8327.25;8332.5;8320.5;8326
03/12/2019;03:00:00;8325.75;8332.25;8320.5;8331.5
03/12/2019;04:00:00;8331.5;8336.5;8318.25;8331.5
03/12/2019;05:00:00;8331.75;8332.75;8270.75;8277.25
03/12/2019;06:00:00;8277.5;8293.5;8272.5;8291.5
03/12/2019;07:00:00;8291.25;8291.25;8251.5;8255.25
03/12/2019;08:00:00;8254.75;8261.25;8219;8221.5
03/12/2019;09:00:00;8221.5;8224;8168.25;8208
03/12/2019;10:00:00;8207.75;8220.75;8184;8185
03/12/2019;11:00:00;8185.25;8210.75;8183.75;8203
03/12/2019;12:00:00;8202.75;8219.5;8195.25;8218.25
03/12/2019;13:00:00;8218.25;8239.5;8214.25;8228.75
03/12/2019;14:00:00;8228.5;8234;8214.75;8230.5
03/12/2019;15:00:00;8230.5;8261.25;8221.75;8257.25
03/12/2019;17:00:00;8257.5;8259;8246;8257
03/12/2019;18:00:00;8257.25;8267.25;8254.75;8265.5
03/12/2019;19:00:00;8265.75;8265.75;8242.5;8247.25
03/12/2019;20:00:00;8247;8261;8241.5;8252.5
03/12/2019;21:00:00;8253;8257;8249.25;8251.5
03/12/2019;22:00:00;8251.25;8262.25;8248;8258.75
03/12/2019;23:00:00;8258.75;8266;8256.75;8262.25
04/12/2019;00:00:00;8262.5;8266.25;8259;8263
04/12/2019;01:00:00;8262.75;8265.75;8257.5;8261.75
04/12/2019;02:00:00;8261.5;8261.5;8220.5;8225.5
04/12/2019;03:00:00;8225.75;8248.5;8224;8248.25
04/12/2019;04:00:00;8247.75;8314.25;8247.5;8302.25
04/12/2019;05:00:00;8301.75;8304.25;8292.75;8294.5
04/12/2019;06:00:00;8294.5;8305.75;8293.25;8303.75
04/12/2019;07:00:00;8303.75;8309;8296.5;8302
04/12/2019;08:00:00;8302.25;8306;8282;8295.5
04/12/2019;09:00:00;8295.5;8318;8287.5;8311.5
04/12/2019;10:00:00;8311.25;8319.25;8298.75;8315.75
04/12/2019;11:00:00;8315.75;8318.75;8301.25;8302.5
04/12/2019;12:00:00;8302.75;8308.75;8294.25;8305
04/12/2019;13:00:00;8305;8307.25;8296.5;8303.25
04/12/2019;14:00:00;8303.25;8316.5;8303.25;8313.5
04/12/2019;15:00:00;8313.75;8315.25;8296.25;8297.5
04/12/2019;17:00:00;8297.75;8298.25;8286;8296.75
04/12/2019;18:00:00;8296.5;8303.5;8289.75;8290.75
04/12/2019;19:00:00;8291;8298.5;8289;8294.25
04/12/2019;20:00:00;8294;8309.75;8285.25;8294.5
04/12/2019;21:00:00;8295;8300.5;8291;8291.75
04/12/2019;22:00:00;8291.25;8294.5;8287.75;8293
04/12/2019;23:00:00;8293;8297;8292.25;8295.5
05/12/2019;00:00:00;8295.5;8297.25;8288;8291
05/12/2019;01:00:00;8291.25;8303.25;8291;8301
05/12/2019;02:00:00;8300.75;8322.75;8297;8316.5
05/12/2019;03:00:00;8316.5;8320.25;8304.5;8311.75
05/12/2019;04:00:00;8312;8319.75;8302.5;8317
05/12/2019;05:00:00;8316.5;8338.75;8315;8331
05/12/2019;06:00:00;8331;8340;8327.5;8332.5
05/12/2019;07:00:00;8332.75;8337.25;8326.5;8331
05/12/2019;08:00:00;8331;8334.75;8319.25;8324.75
05/12/2019;09:00:00;8325;8327.25;8297.25;8302.5
05/12/2019;10:00:00;8302.5;8307.25;8273.25;8292.75
05/12/2019;11:00:00;8293;8300.5;8283;8293.75
05/12/2019;12:00:00;8294;8298;8285;8291
05/12/2019;13:00:00;8291;8303;8289.25;8300.75
05/12/2019;14:00:00;8300.75;8313.25;8285.75;8300.25
05/12/2019;15:00:00;8300.25;8316.5;8298;8310.25
05/12/2019;17:00:00;8310;8312.25;8307.5;8309.5
05/12/2019;18:00:00;8309.5;8325.5;8307.75;8324.5
05/12/2019;19:00:00;8324.5;8327.75;8316.25;8326.25
05/12/2019;20:00:00;8326.5;8329.25;8319.5;8324.75
05/12/2019;21:00:00;8325;8328.25;8317;8319.25
05/12/2019;22:00:00;8319.5;8325.5;8317.75;8324.25
05/12/2019;23:00:00;8324.25;8325.25;8322;8322.5
06/12/2019;00:00:00;8322.5;8325;8318.25;8321.5
06/12/2019;01:00:00;8321.5;8345.5;8321.5;8333
06/12/2019;02:00:00;8333;8338.75;8330.25;8335
06/12/2019;03:00:00;8335;8338.75;8327.25;8335.5
06/12/2019;04:00:00;8335.25;8343.75;8334.75;8341
06/12/2019;05:00:00;8340.75;8342.25;8335.25;8336.75
06/12/2019;06:00:00;8336.75;8343.5;8336.5;8342.25
06/12/2019;07:00:00;8342.5;8343;8330;8334.5
06/12/2019;08:00:00;8334.75;8381.5;8321.5;8373.25
06/12/2019;09:00:00;8373.25;8392.5;8368;8388.75
06/12/2019;10:00:00;8388.75;8395.25;8375.75;8389.75
06/12/2019;11:00:00;8389.75;8396.5;8387.25;8391.5
06/12/2019;12:00:00;8391.25;8402.5;8390.75;8399.75
06/12/2019;13:00:00;8399.75;8406.25;8399.25;8401
06/12/2019;14:00:00;8401;8405;8398.25;8400.25
06/12/2019;15:00:00;8400;8409.5;8395.5;8397.25
08/12/2019;17:00:00;8397.5;8415;8395.5;8407.5
08/12/2019;18:00:00;8407.25;8408.5;8400.25;8401.25
08/12/2019;19:00:00;8401.5;8401.75;8383.25;8388
08/12/2019;20:00:00;8388.25;8391;8380.5;8383.75
08/12/2019;21:00:00;8383.75;8393.5;8383.5;8391
08/12/2019;22:00:00;8391;8391.25;8384.25;8386.5
08/12/2019;23:00:00;8386.5;8389;8384.5;8386.5
09/12/2019;00:00:00;8386.75;8390;8383.5;8390
09/12/2019;01:00:00;8389.75;8394.5;8384.25;8392
09/12/2019;02:00:00;8392;8398;8389.5;8394.75
09/12/2019;03:00:00;8394.75;8397.75;8390.5;8390.5
09/12/2019;04:00:00;8390.75;8391.75;8383.25;8391.5
09/12/2019;05:00:00;8391.75;8397.5;8389;8395.5
09/12/2019;06:00:00;8395.5;8396.75;8386.5;8389.5
09/12/2019;07:00:00;8389.75;8396.75;8389.75;8392.75
09/12/2019;08:00:00;8392.75;8394.25;8385.5;8387.25
09/12/2019;09:00:00;8387.25;8427.25;8382.25;8422.25
09/12/2019;10:00:00;8422.25;8424.5;8408.25;8410.75
09/12/2019;11:00:00;8411;8413.25;8391.5;8396.75
09/12/2019;12:00:00;8397;8399.5;8385.25;8389.75
09/12/2019;13:00:00;8389.5;8394.5;8386.25;8388.5
09/12/2019;14:00:00;8388.5;8389;8372.5;8381.25
09/12/2019;15:00:00;8381.25;8386.25;8362.25;8364
09/12/2019;17:00:00;8364;8364.25;8347;8353.5
09/12/2019;18:00:00;8354.25;8362.25;8353;8356.75
09/12/2019;19:00:00;8357;8361.75;8353.25;8357
09/12/2019;20:00:00;8357;8359.75;8350.25;8357
09/12/2019;21:00:00;8356.75;8368.5;8356.75;8367.5
09/12/2019;22:00:00;8367.5;8370.25;8365.25;8366.5
09/12/2019;23:00:00;8366.75;8368.5;8363.25;8364
10/12/2019;00:00:00;8364.5;8369.25;8364.5;8368.25
10/12/2019;01:00:00;8368.25;8374.25;8367.25;8369.25
10/12/2019;02:00:00;8369.25;8371.75;8365.75;8366.5
10/12/2019;03:00:00;8366.5;8366.75;8318;8324.75
10/12/2019;04:00:00;8324.75;8330.5;8319.5;8328.75
10/12/2019;05:00:00;8329;8339;8325.75;8327.5
10/12/2019;06:00:00;8327.75;8327.75;8297;8324.75
10/12/2019;07:00:00;8324.5;8326.25;8314.25;8315
10/12/2019;08:00:00;8315;8383.5;8314;8373.25
10/12/2019;09:00:00;8373.5;8374.75;8338.5;8362
10/12/2019;10:00:00;8361.75;8394.5;8358.75;8391.75
10/12/2019;11:00:00;8392;8398;8366.25;8377.5
10/12/2019;12:00:00;8378;8380.5;8366.75;8379.5
10/12/2019;13:00:00;8379.75;8384.5;8370.25;8370.75
10/12/2019;14:00:00;8370.75;8378.75;8366.25;8372.75
10/12/2019;15:00:00;8372.75;8376.75;8342.5;8359.25
10/12/2019;17:00:00;8359.25;8368.5;8357.5;8365.5
10/12/2019;18:00:00;8365.5;8372.75;8358.25;8360.75
10/12/2019;19:00:00;8360.75;8365;8348.25;8354
10/12/2019;20:00:00;8354;8356;8345;8351.75
10/12/2019;21:00:00;8351.5;8358.25;8351.5;8357.25
10/12/2019;22:00:00;8357;8363.25;8355;8361.25
10/12/2019;23:00:00;8361.25;8365;8358.5;8359.75
11/12/2019;00:00:00;8359.75;8368;8357.5;8367.25
11/12/2019;01:00:00;8367;8369.5;8361.75;8367.75
11/12/2019;02:00:00;8367.5;8370.5;8358.5;8365.75
11/12/2019;03:00:00;8365.75;8394;8354.75;8360.75
11/12/2019;04:00:00;8360.5;8368.75;8356.75;8365.5
11/12/2019;05:00:00;8365.25;8370;8358.25;8365
11/12/2019;06:00:00;8365.25;8375.75;8361.75;8374.5
11/12/2019;07:00:00;8374.5;8381.75;8370.5;8378
11/12/2019;08:00:00;8378.25;8387.5;8376.5;8384.25
11/12/2019;09:00:00;8384.25;8390.25;8363.5;8389.75
11/12/2019;10:00:00;8390;8396;8377.75;8378
11/12/2019;11:00:00;8378;8387.5;8370.75;8379
11/12/2019;12:00:00;8379;8381;8371.25;8376.25
11/12/2019;13:00:00;8376;8384.25;8374.75;8380.75
11/12/2019;14:00:00;8380.5;8411;8379.75;8407.5
11/12/2019;15:00:00;8407.5;8410.5;8394.5;8403.75
11/12/2019;17:00:00;8403.75;8408.75;8403;8406.75
11/12/2019;18:00:00;8406.75;8415.5;8405;8413.75
11/12/2019;19:00:00;8413.75;8414.75;8404.5;8408
11/12/2019;20:00:00;8408.25;8417.25;8406;8416.25
11/12/2019;21:00:00;8416.25;8418.75;8414;8415
11/12/2019;22:00:00;8415;8415;8412;8413.75
11/12/2019;23:00:00;8413.75;8415.25;8412.5;8412.5
12/12/2019;00:00:00;8412.25;8413.75;8411;8412
12/12/2019;01:00:00;8436.25;8442.5;8434.5;8440.75
12/12/2019;02:00:00;8440.25;8442.5;8437.25;8438.25
12/12/2019;03:00:00;8438.5;8450.75;8438.5;8449
12/12/2019;04:00:00;8449.75;8454.5;8441.5;8450.75
12/12/2019;05:00:00;8451;8453.75;8435.75;8441
12/12/2019;06:00:00;8440;8443.75;8436.5;8442
12/12/2019;07:00:00;8442.5;8442.5;8425.5;8426.25
12/12/2019;08:00:00;8426.75;8426.75;8406.25;8419.75
12/12/2019;09:00:00;8421;8499;8405.75;8497.75
12/12/2019;10:00:00;8498;8522;8490;8502.75
12/12/2019;11:00:00;8503.25;8505.5;8442;8457.25
12/12/2019;12:00:00;8457;8461.5;8427.75;8457.5
12/12/2019;13:00:00;8458.5;8471.25;8451.75;8464.5
12/12/2019;14:00:00;8464.75;8491.5;8444.25;8474.5
12/12/2019;15:00:00;8474;8505.5;8465.75;8486.25
12/12/2019;17:00:00;8485.5;8521.5;8480;8518
12/12/2019;18:00:00;8518.25;8533;8515.75;8526
12/12/2019;19:00:00;8526.25;8535.5;8517.25;8535.25
12/12/2019;20:00:00;8535;8540.75;8530.25;8534.5
12/12/2019;21:00:00;8534.25;8538;8528.25;8532.25
12/12/2019;22:00:00;8532.5;8544.25;8529.75;8532
12/12/2019;23:00:00;8531.75;8534.75;8530.5;8532
13/12/2019;00:00:00;8532;8539.25;8529.5;8533.25
13/12/2019;01:00:00;8533.25;8541.25;8533.25;8537
13/12/2019;02:00:00;8537;8541.5;8530.5;8537.5
13/12/2019;03:00:00;8537.25;8542;8525.75;8535.75
13/12/2019;04:00:00;8535.75;8539.75;8530.75;8537.5
13/12/2019;05:00:00;8537.5;8549;8536;8545.5
13/12/2019;06:00:00;8545.25;8545.25;8531.25;8533.75
13/12/2019;07:00:00;8533.5;8534.5;8479.5;8499.5
13/12/2019;08:00:00;8500;8529;8498.25;8519.25
13/12/2019;09:00:00;8519.25;8521;8461.75;8505.75
13/12/2019;10:00:00;8506.25;8546.5;8490;8497.5
13/12/2019;11:00:00;8497.25;8518.5;8481;8515.5
13/12/2019;12:00:00;8515.25;8531.5;8513;8531
13/12/2019;13:00:00;8530.75;8531.75;8517.5;8523.5
13/12/2019;14:00:00;8523.5;8525.5;8514.25;8524.5
13/12/2019;15:00:00;8524.25;8527.25;8514.75;8518.25
15/12/2019;17:00:00;8518.25;8540;8515.25;8531.75
15/12/2019;18:00:00;8531.75;8538.5;8530;8537.25
15/12/2019;19:00:00;8537.5;8542.75;8535.5;8541.75
15/12/2019;20:00:00;8541.75;8546.25;8538.5;8545.25
15/12/2019;21:00:00;8545.25;8550;8543.75;8544.25
15/12/2019;22:00:00;8544.5;8549.25;8544.25;8547.5
15/12/2019;23:00:00;8547.5;8549.25;8546;8546.75
16/12/2019;00:00:00;8547;8547.5;8541.75;8542.25
16/12/2019;01:00:00;8542.25;8553.5;8540.5;8552
16/12/2019;02:00:00;8551.75;8554.75;8545.5;8548
16/12/2019;03:00:00;8548;8558.75;8546.5;8553.25
16/12/2019;04:00:00;8553.25;8555.75;8550.25;8553.75
16/12/2019;05:00:00;8553.5;8554.75;8547.5;8550.75
16/12/2019;06:00:00;8550.75;8558.5;8550.5;8555
16/12/2019;07:00:00;8555;8567;8554.75;8566.75
16/12/2019;08:00:00;8567;8574.25;8564.75;8573.5
16/12/2019;09:00:00;8573.5;8604;8571.25;8595.5
16/12/2019;10:00:00;8595.25;8615.5;8593.75;8610.75
16/12/2019;11:00:00;8610.75;8613.25;8604.5;8613
16/12/2019;12:00:00;8613.25;8617.25;8609.5;8612.75
16/12/2019;13:00:00;8613;8617.5;8607;8616
16/12/2019;14:00:00;8616;8617;8605;8605.5
16/12/2019;15:00:00;8605.75;8614;8600.25;8603.5
16/12/2019;17:00:00;8603.5;8612.5;8602;8603.5
16/12/2019;18:00:00;8603.75;8606.75;8598.5;8599.5
16/12/2019;19:00:00;8599.5;8599.5;8592.75;8595.5
16/12/2019;20:00:00;8595.5;8603.25;8595.5;8600.75
16/12/2019;21:00:00;8601;8605;8597.25;8604
16/12/2019;22:00:00;8604;8610;8603.25;8609.25
16/12/2019;23:00:00;8609.25;8614;8609.25;8611.25
17/12/2019;00:00:00;8611.25;8622.25;8611;8620.5
17/12/2019;01:00:00;8620.5;8620.75;8615.5;8616.75
17/12/2019;02:00:00;8616.5;8626.5;8616.25;8620.25
17/12/2019;03:00:00;8620;8620;8604.5;8608.25
17/12/2019;04:00:00;8608;8611.75;8602;8607.75
17/12/2019;05:00:00;8608;8611.25;8595.75;8601.5
17/12/2019;06:00:00;8601.25;8606;8595.25;8606
17/12/2019;07:00:00;8606;8611.75;8601.5;8602.5
17/12/2019;08:00:00;8602.5;8623.5;8600.25;8615
17/12/2019;09:00:00;8614.75;8625.25;8596.25;8602.75
17/12/2019;10:00:00;8602.5;8613.75;8601.25;8604
17/12/2019;11:00:00;8603.75;8608.75;8599.5;8606
17/12/2019;12:00:00;8606;8612;8604;8609.25
17/12/2019;13:00:00;8609.25;8612.75;8602.5;8608.25
17/12/2019;14:00:00;8608.25;8609.75;8601;8608.75
17/12/2019;15:00:00;8609;8611.25;8602.5;8607
17/12/2019;17:00:00;8606.75;8607.5;8596.75;8600
17/12/2019;18:00:00;8601;8605.25;8600.25;8603.25
17/12/2019;19:00:00;8602.75;8606;8600.5;8602.25
17/12/2019;20:00:00;8602.25;8608.75;8601.25;8606.75
17/12/2019;21:00:00;8607;8609.5;8601.5;8603.5
17/12/2019;22:00:00;8603.25;8604.5;8602;8603.5
17/12/2019;23:00:00;8603.5;8605.75;8602;8603.25
18/12/2019;00:00:00;8603.25;8605.25;8601.5;8602.25
18/12/2019;01:00:00;8602.25;8602.5;8596.25;8600.25
18/12/2019;02:00:00;8600.25;8606;8595.25;8602.5
18/12/2019;03:00:00;8602.5;8610;8601;8606.25
18/12/2019;04:00:00;8606.5;8613.75;8605;8612.25
18/12/2019;05:00:00;8612.5;8615.75;8610;8611.75
18/12/2019;06:00:00;8611.75;8612.75;8606.75;8610
18/12/2019;07:00:00;8609.75;8613.75;8603;8610.5
18/12/2019;08:00:00;8610.5;8617.25;8608.5;8610
18/12/2019;09:00:00;8610;8629;8609.5;8610.5
18/12/2019;10:00:00;8610.5;8627.25;8607.5;8623.5
18/12/2019;11:00:00;8623.25;8641.25;8618.5;8632.5
18/12/2019;12:00:00;8632.25;8636.75;8629.5;8631
18/12/2019;13:00:00;8631.25;8634.5;8626.5;8630.5
18/12/2019;14:00:00;8630.75;8636;8628.25;8634.75
18/12/2019;15:00:00;8634.5;8634.5;8611;8612.25
18/12/2019;17:00:00;8612.25;8627.75;8610.75;8625.75
18/12/2019;18:00:00;8625.5;8625.75;8619.5;8621.5
18/12/2019;19:00:00;8621.25;8630.25;8620.75;8627
18/12/2019;20:00:00;8627;8628.75;8616.25;8618.5
18/12/2019;21:00:00;8618.5;8619;8612;8614.5
18/12/2019;22:00:00;8614.5;8616.5;8612.5;8615.5
18/12/2019;23:00:00;8615.5;8617.5;8614.5;8615.25
19/12/2019;00:00:00;8615.25;8618.75;8614.25;8617.5
19/12/2019;01:00:00;8617.75;8622;8617.75;8619.75
19/12/2019;02:00:00;8619.5;8622;8617.25;8620.5
19/12/2019;03:00:00;8620;8625;8608.75;8616.75
19/12/2019;04:00:00;8617;8625.25;8615;8624.25
19/12/2019;05:00:00;8624.25;8626;8617.75;8625.25
19/12/2019;06:00:00;8625;8625.5;8617.25;8621
19/12/2019;07:00:00;8621;8622.75;8610;8613.5
19/12/2019;08:00:00;8613.25;8617;8609;8615.5
19/12/2019;09:00:00;8615.5;8636.25;8615;8631.75
19/12/2019;10:00:00;8631.5;8640;8624.5;8636.25
19/12/2019;11:00:00;8636;8656.5;8636;8652.5
19/12/2019;12:00:00;8652.25;8657.75;8648;8649.75
19/12/2019;13:00:00;8650;8657.25;8646.75;8654.5
19/12/2019;14:00:00;8654.75;8664.5;8654.5;8662.5
19/12/2019;15:00:00;8662.5;8673.25;8655.25;8671.25
19/12/2019;17:00:00;8671.25;8682.5;8670.25;8677
19/12/2019;18:00:00;8677.25;8680.5;8677;8680.25
19/12/2019;19:00:00;8680;8681.5;8674.75;8677.25
19/12/2019;20:00:00;8677.5;8678;8669.25;8675
19/12/2019;21:00:00;8674.75;8676.25;8672.5;8675.25
19/12/2019;22:00:00;8675.5;8677.5;8674;8674.75
19/12/2019;23:00:00;8674.75;8675.5;8670.5;8671.25
20/12/2019;00:00:00;8671;8672.75;8669.25;8670.5
20/12/2019;01:00:00;8670.5;8671.25;8667;8667.5
20/12/2019;02:00:00;8667.75;8671.5;8665.75;8670.5
20/12/2019;03:00:00;8670.25;8674.5;8665.25;8671.5
20/12/2019;04:00:00;8671.5;8671.75;8667;8668.5
20/12/2019;05:00:00;8668.5;8677;8667.75;8675.75
20/12/2019;06:00:00;8675.75;8684.5;8675;8678.25
20/12/2019;07:00:00;8678.5;8688.75;8675;8686.75
20/12/2019;08:00:00;8686.25;8696.75;8685.25;8695.25
20/12/2019;09:00:00;8695;8724.75;8686.25;8689.75
20/12/2019;10:00:00;8689.25;8703.5;8688.5;8699.25
20/12/2019;11:00:00;8699.5;8711.75;8699.25;8706
20/12/2019;12:00:00;8705.75;8712.5;8703.5;8710
20/12/2019;13:00:00;8710;8717.25;8709.75;8712
20/12/2019;14:00:00;8711.75;8716.5;8706.75;8714.5
20/12/2019;15:00:00;8714.25;8714.75;8693.75;8711.5
22/12/2019;17:00:00;8711.75;8717;8705.5;8712.25
22/12/2019;18:00:00;8712.75;8723.5;8712.75;8722.25
22/12/2019;19:00:00;8722.5;8723.75;8718;8719.5
22/12/2019;20:00:00;8719.5;8722.75;8718.75;8721.5
22/12/2019;21:00:00;8721.5;8722.5;8718.25;8718.5
22/12/2019;22:00:00;8718.5;8721;8718;8719.25
22/12/2019;23:00:00;8719.25;8720.5;8718.5;8719.25
23/12/2019;00:00:00;8719.25;8719.5;8717.5;8718.5
23/12/2019;01:00:00;8718.5;8718.75;8712.5;8714.5
23/12/2019;02:00:00;8714.5;8715.75;8712.75;8714.75
23/12/2019;03:00:00;8715;8718.75;8714.25;8714.5
23/12/2019;04:00:00;8714.5;8720.25;8714.25;8718.25
23/12/2019;05:00:00;8718.5;8723;8718;8719.75
23/12/2019;06:00:00;8720;8729.5;8719.5;8727.25
23/12/2019;07:00:00;8727.5;8742.5;8726.75;8734.25
23/12/2019;08:00:00;8734;8743.25;8733;8738
23/12/2019;09:00:00;8738;8738.25;8722.75;8727.75
23/12/2019;10:00:00;8727.5;8732.75;8720.5;8732.25
23/12/2019;11:00:00;8732.25;8736.5;8728.5;8735.25
23/12/2019;12:00:00;8735.5;8736.75;8727.25;8728.5
23/12/2019;13:00:00;8728.5;8732;8726.75;8727.75
23/12/2019;14:00:00;8727.75;8732.5;8727;8729
23/12/2019;15:00:00;8729;8730.25;8716.5;8723.25
23/12/2019;17:00:00;8723.25;8731.25;8722.75;8728.25
23/12/2019;18:00:00;8729;8730.5;8726.25;8728
23/12/2019;19:00:00;8728;8728.5;8721.25;8722.75
23/12/2019;20:00:00;8723;8724;8718.25;8719
23/12/2019;21:00:00;8719;8723.5;8718;8722.75
23/12/2019;22:00:00;8722.75;8724.25;8720;8722.25
23/12/2019;23:00:00;8722.5;8724;8721.5;8722.75
24/12/2019;00:00:00;8722.5;8726.5;8722.5;8726
24/12/2019;01:00:00;8726;8727.25;8724;8726.25
24/12/2019;02:00:00;8726.25;8728.75;8724.75;8727.25
24/12/2019;03:00:00;8727.25;8727.25;8724;8727
24/12/2019;04:00:00;8727;8732;8726.25;8730.25
24/12/2019;05:00:00;8730.75;8732.25;8729;8730.5
24/12/2019;06:00:00;8730.5;8734.5;8730.25;8733
24/12/2019;07:00:00;8733;8736;8729.75;8731.25
24/12/2019;08:00:00;8731.25;8733.5;8729.25;8732.75
24/12/2019;09:00:00;8732.75;8734.75;8707;8718
24/12/2019;10:00:00;8718;8724.25;8716.25;8721.5
24/12/2019;11:00:00;8721.5;8727.75;8720.75;8724.25
24/12/2019;12:00:00;8724;8731;8720.25;8731
25/12/2019;17:00:00;8730.75;8733;8727.25;8731
25/12/2019;18:00:00;8731.25;8732.75;8729;8730.75
25/12/2019;19:00:00;8731;8739.75;8729.25;8738.5
25/12/2019;20:00:00;8738.25;8738.5;8735.75;8736.5
25/12/2019;21:00:00;8736.5;8739.25;8733.5;8734.25
25/12/2019;22:00:00;8734.75;8737.5;8734;8737.25
25/12/2019;23:00:00;8737.25;8737.25;8735;8736.5
26/12/2019;00:00:00;8736.5;8737.5;8736;8737.25
26/12/2019;01:00:00;8737.25;8739;8736.25;8738
26/12/2019;02:00:00;8738;8743;8738;8740.25
26/12/2019;03:00:00;8740.25;8740.5;8736;8738
26/12/2019;04:00:00;8737.75;8741.75;8736.75;8740.5
26/12/2019;05:00:00;8740.25;8741.75;8739;8740.75
26/12/2019;06:00:00;8740.75;8743;8739;8739.75
26/12/2019;07:00:00;8740;8740.5;8737.25;8740
26/12/2019;08:00:00;8740;8750;8737.25;8741.75
26/12/2019;09:00:00;8741.75;8761;8739;8759.5
26/12/2019;10:00:00;8759.75;8770;8758.75;8769
26/12/2019;11:00:00;8769.25;8780.5;8769;8777
26/12/2019;12:00:00;8777.25;8778;8766.75;8777
26/12/2019;13:00:00;8777;8791;8776.25;8789.5
26/12/2019;14:00:00;8789.5;8792;8785;8787
26/12/2019;15:00:00;8787;8803.25;8779.25;8800.5
26/12/2019;17:00:00;8800.5;8805;8799.75;8800.75
26/12/2019;18:00:00;8801;8809.75;8800.25;8808.5
26/12/2019;19:00:00;8808.5;8821.5;8806.75;8818.75
26/12/2019;20:00:00;8819;8829.5;8818;8829
26/12/2019;21:00:00;8829;8832.25;8828.25;8830
26/12/2019;22:00:00;8830.25;8834;8828.75;8831.75
26/12/2019;23:00:00;8831.75;8832;8826.25;8828.25
27/12/2019;00:00:00;8828.5;8828.75;8823.5;8826
27/12/2019;01:00:00;8826;8827.5;8821.5;8824
27/12/2019;02:00:00;8824;8827.5;8821.75;8826.75
27/12/2019;03:00:00;8826.5;8833.5;8824.75;8829.25
27/12/2019;04:00:00;8829.25;8829.5;8823.75;8826.75
27/12/2019;05:00:00;8826.75;8840.75;8825.5;8837.75
27/12/2019;06:00:00;8838.25;8842.5;8832.75;8837.25
27/12/2019;07:00:00;8837;8842;8833.75;8835.5
27/12/2019;08:00:00;8835.5;8843.5;8833.25;8835.75
27/12/2019;09:00:00;8836;8837;8780;8789.75
27/12/2019;10:00:00;8789.5;8812.75;8784.25;8810.25
27/12/2019;11:00:00;8810;8820.25;8808.25;8811
27/12/2019;12:00:00;8811.25;8813.75;8795.75;8805.75
27/12/2019;13:00:00;8805.5;8805.75;8787;8795.25
27/12/2019;14:00:00;8795;8808;8792.25;8805.25
27/12/2019;15:00:00;8805;8806.75;8769;8790.5
29/12/2019;17:00:00;8790.5;8791;8777.5;8789
29/12/2019;18:00:00;8789;8799.5;8787.5;8798.25
29/12/2019;19:00:00;8798;8801.75;8793.5;8797
29/12/2019;20:00:00;8796.75;8804.5;8796.25;8802.75
29/12/2019;21:00:00;8802.75;8804.75;8802.25;8804.75
29/12/2019;22:00:00;8804.5;8809.75;8804.5;8807
29/12/2019;23:00:00;8807;8809.5;8805;8809
30/12/2019;00:00:00;8809;8809.75;8802.75;8804.5
30/12/2019;01:00:00;8804.75;8805;8800.25;8801.75
30/12/2019;02:00:00;8801.75;8805;8794;8798.25
30/12/2019;03:00:00;8798;8806.25;8794.5;8802.25
30/12/2019;04:00:00;8802;8802.75;8791.25;8793.25
30/12/2019;05:00:00;8793.25;8793.75;8781.75;8784.25
30/12/2019;06:00:00;8784.5;8787;8775.75;8786.75
30/12/2019;07:00:00;8786.75;8792.5;8784.25;8787.25
30/12/2019;08:00:00;8787.5;8795;8781.75;8788.5
30/12/2019;09:00:00;8788.75;8794.25;8703.75;8718.25
30/12/2019;10:00:00;8718;8726.25;8691.25;8719.25
30/12/2019;11:00:00;8719.5;8740;8709;8737
30/12/2019;12:00:00;8737;8756;8736.25;8751.5
30/12/2019;13:00:00;8751.5;8753.5;8742.25;8747.75
30/12/2019;14:00:00;8747.75;8747.75;8730.5;8733
30/12/2019;15:00:00;8733;8742.75;8720.25;8736.25
30/12/2019;17:00:00;8736.25;8738;8727.25;8729.25
30/12/2019;18:00:00;8730;8736.25;8729;8734.5
30/12/2019;19:00:00;8734.5;8739.25;8732.5;8738.25
30/12/2019;20:00:00;8738.5;8748;8737.25;8745.75
30/12/2019;21:00:00;8745.75;8750.25;8745.5;8748.5
30/12/2019;22:00:00;8748.25;8748.25;8745;8747.25
30/12/2019;23:00:00;8747.25;8748.75;8746.75;8747.25
31/12/2019;00:00:00;8747.25;8747.75;8745.75;8747.75
31/12/2019;01:00:00;8747.75;8749.25;8747.25;8748
31/12/2019;02:00:00;8747.75;8748;8736;8739.25
31/12/2019;03:00:00;8739.25;8743.5;8731.5;8742.5
31/12/2019;04:00:00;8742;8742.25;8736.5;8738.25
31/12/2019;05:00:00;8738.25;8744.75;8738;8743.5
31/12/2019;06:00:00;8743.5;8747.5;8729;8735
31/12/2019;07:00:00;8735.25;8735.75;8718.25;8724.25
31/12/2019;08:00:00;8724.25;8732.75;8707;8711.5
31/12/2019;09:00:00;8711.25;8746.75;8692.25;8735
31/12/2019;10:00:00;8735.25;8737.5;8707.75;8714.25
31/12/2019;11:00:00;8714.5;8727.5;8704;8721
31/12/2019;12:00:00;8721;8725.5;8713.75;8723
31/12/2019;13:00:00;8723.25;8729.75;8720.5;8728
31/12/2019;14:00:00;8728;8735;8716;8731
31/12/2019;15:00:00;8731;8759.25;8730.75;8759
